{"duration": {"mean": 48.34243046395876, "sd": 723.3298112546704}, "src_bytes": {"mean": 1834.6211752293746, "sd": 941431.074491134}, "dst_bytes": {"mean": 1093.6228137132073, "sd": 645012.3337425127}, "wrong_fragment": {"mean": 0.0006487791703098401, "sd": 0.042854336754937515}, "urgent": {"mean": 7.961733052889793e-06, "sd": 0.007215083685169108}, "hot": {"mean": 0.012437656057623349, "sd": 0.4689781645887991}, "num_failed_logins": {"mean": 3.205107921291532e-05, "sd": 0.007299407575927173}, "num_compromised": {"mean": 0.008088304193730605, "sd": 3.856481035326228}, "root_shell": {"mean": 6.81850984529536e-05, "sd": 0.008257146187644946}, "su_attempted": {"mean": 3.674646024410674e-05, "sd": 0.008082431779339363}, "num_root": {"mean": 0.012934958152926926, "sd": 3.938075301005988}, "num_file_creations": {"mean": 0.0011887479888968528, "sd": 0.12418574848207402}, "num_shells": {"mean": 7.430950849363806e-05, "sd": 0.008737589609832137}, "num_access_files": {"mean": 0.001021143300783455, "sd": 0.03551048135651214}, "num_outbound_cmds": {"mean": 0.0, "sd": 0.0}, "count": {"mean": 334.97344027097654, "sd": 211.99078248048258}, "srv_count": {"mean": 295.26708613431526, "sd": 245.99271017842617}, "serror_rate": {"mean": 0.17797028068783657, "sd": 0.3818755915366938}, "srv_serror_rate": {"mean": 0.1780369530570094, "sd": 0.3822540860521732}, "rerror_rate": {"mean": 0.05766509112815919, "sd": 0.23225292321112517}, "srv_rerror_rate": {"mean": 0.05773010174074105, "sd": 0.2326604030370088}, "same_srv_rate": {"mean": 0.7898841751573104, "sd": 0.38929583739041457}, "diff_srv_rate": {"mean": 0.021179606286176125, "sd": 0.08271458357710097}, "srv_diff_host_rate": {"mean": 0.028260804326936523, "sd": 0.14055956482632231}, "dst_host_count": {"mean": 232.98108271811932, "sd": 64.02093735054602}, "dst_host_srv_count": {"mean": 189.21424492863122, "sd": 105.91276735114579}, "dst_host_same_srv_rate": {"mean": 0.7537132359320777, "sd": 0.41118601471690847}, "dst_host_diff_srv_rate": {"mean": 0.03071110524982387, "sd": 0.10854321378219393}, "dst_host_same_src_port_rate": {"mean": 0.6050520115522705, "sd": 0.48098771819023967}, "dst_host_srv_diff_host_rate": {"mean": 0.006464106568001061, "sd": 0.04125977924611042}, "dst_host_serror_rate": {"mean": 0.17809114796145945, "sd": 0.3818382066710146}, "dst_host_srv_serror_rate": {"mean": 0.17788586181983582, "sd": 0.3821774382838418}, "dst_host_rerror_rate": {"mean": 0.05792780382126442, "sd": 0.2309428192112104}, "dst_host_srv_rerror_rate": {"mean": 0.05765941380005148, "sd": 0.23097770954991176}}